beta_1,beta_2,cosine_decay,epsilon,learning_rate,nesterov,use_weight_decay
0.006602428380599536,0.018008724117192162,0.012137979632100088,0.06663098324270893,0.880504578576064,None,0.01611530605133501