size,wasserstein
0.25,11.54167652130127
1.0,9.859825134277344
4.0,11.728142738342285
13.0,11.399169921875
52.0,12.122076988220215