name,size,wasserstein
S,0.25,11.54167652130127
M,1.0,9.859825134277344
B,4.0,11.728142738342285
L,13.0,11.399169921875
XL,52.0,12.122076988220215